regime,trades,win_rate,avg_trade_return,median_trade_return,total_pnl
Bull,180,0.4222222222222222,0.04440483801138963,-0.009411526966981429,106429310.44000025
Bear,60,0.4166666666666667,0.04812420986321373,-0.012899794309688392,25248135.833000068
Sideways,19,0.5789473684210527,0.026243393552322775,0.0031656960161194694,4579597.88300002
Unknown,2,0.0,-0.014126387998751598,-0.014126387998751598,-280346.0099999971
